{
  "mysql": {
    "host": "aurora-test-singapore.cluster-clc02eeim3a8.ap-southeast-1.rds.amazonaws.com",
    "user": "admin",
    "password": "TestPassword123!",
    "database": "test"
  },
  "dns": {
    "endpoint": "aurora-test-singapore.cluster-clc02eeim3a8.ap-southeast-1.rds.amazonaws.com"
  },
  "aws": {
    "region": "ap-southeast-1",
    "cluster_name": "aurora-test-singapore"
  },
  "baselines": {
    "mysql_read_ms": 50.0,
    "mysql_write_ms": 100.0,
    "dns_ms": 100.0
  },
  "timeouts": {
    "mysql_read_ms": 100,
    "mysql_write_ms": 200,
    "dns_ms": 200,
    "dns_command_sec": 0.2
  },
  "probe_interval": 0.5,
  "timeout_multiplier": 2
}